{
  "cam_0": {
    "rms": 0.23147646324890947,
    "valid_views": 25,
    "image_size": [
      1280,
      800
    ],
    "camera_matrix": [
      [
        673.8591867180606,
        0.0,
        725.6583382668615
      ],
      [
        0.0,
        672.533280950868,
        341.0989117493385
      ],
      [
        0.0,
        0.0,
        1.0
      ]
    ],
    "dist_coeffs": [
      -0.35344370631770605,
      0.1851813972107519,
      0.0005765677098836568,
      -0.0022930488401968112,
      -0.06251451025465624
    ]
  },
  "cam_1": {
    "rms": 0.23539385352743386,
    "valid_views": 25,
    "image_size": [
      1280,
      800
    ],
    "camera_matrix": [
      [
        651.3800051612169,
        0.0,
        636.2546217290353
      ],
      [
        0.0,
        649.3994538703632,
        385.9348139731595
      ],
      [
        0.0,
        0.0,
        1.0
      ]
    ],
    "dist_coeffs": [
      -0.3211431414723318,
      0.15035816215948203,
      6.457202650602823e-05,
      0.0028175689873928124,
      -0.03723149666110603
    ]
  },
  "cam_2": {
    "rms": 0.2730138715425492,
    "valid_views": 25,
    "image_size": [
      1280,
      800
    ],
    "camera_matrix": [
      [
        680.222170472943,
        0.0,
        701.3486147731104
      ],
      [
        0.0,
        679.8525109899111,
        424.2942600798179
      ],
      [
        0.0,
        0.0,
        1.0
      ]
    ],
    "dist_coeffs": [
      -0.34531143378725626,
      0.14220203392063047,
      -0.0009443313528342163,
      0.0035208329818076974,
      -0.004941981916659558
    ]
  },
  "cam_3": {
    "rms": 0.26847807837371473,
    "valid_views": 25,
    "image_size": [
      1280,
      800
    ],
    "camera_matrix": [
      [
        654.3534068558059,
        0.0,
        672.2210409490524
      ],
      [
        0.0,
        654.1773443901689,
        393.9814015654499
      ],
      [
        0.0,
        0.0,
        1.0
      ]
    ],
    "dist_coeffs": [
      -0.3382106383859676,
      0.17801769484017455,
      0.0015433902452241875,
      -0.0003820970813499394,
      -0.0645000038446756
    ]
  }
}